<?xml version="1.0" encoding="utf-8" standalone="yes" ?>
<rss version="2.0" xmlns:atom="http://www.w3.org/2005/Atom">
  <channel>
    <title>10to20 on Kavy&#39;s</title>
    <link>https://kyva.ca/pricerange/10to20/</link>
    <description>Recent content in 10to20 on Kavy&#39;s</description>
    <generator>Hugo -- gohugo.io</generator>
    <language>en-us</language>
    <lastBuildDate>Sat, 12 Jan 2019 22:14:57 -0600</lastBuildDate>
    
	<atom:link href="https://kyva.ca/pricerange/10to20/index.xml" rel="self" type="application/rss+xml" />
    
    
    <item>
      <title>Chain BC132</title>
      <link>https://kyva.ca/chain-bc132/</link>
      <pubDate>Sat, 12 Jan 2019 22:14:57 -0600</pubDate>
      
      <guid>https://kyva.ca/chain-bc132/</guid>
      <description>If you can keep your head when all about you
Are losing theirs and blaming it on you,
If you can trust yourself when all men doubt you,
But make allowance for their doubting too;
If you can wait and not be tired by waiting,
Or being lied about, don’t deal in lies,
Or being hated, don’t give way to hating,
And yet don’t look too good, nor talk too wise: If you can dream—and not make dreams your master;</description>
    </item>
    
  </channel>
</rss>