<?xml version="1.0" encoding="utf-8" standalone="yes" ?>
<rss version="2.0" xmlns:atom="http://www.w3.org/2005/Atom">
  <channel>
    <title>Kavy&#39;s</title>
    <link>https://kyva.ca/</link>
    <description>Recent content on Kavy&#39;s</description>
    <generator>Hugo -- gohugo.io</generator>
    <language>en-us</language>
    <lastBuildDate>Thu, 28 Feb 2019 00:00:00 +0000</lastBuildDate>
    
	<atom:link href="https://kyva.ca/index.xml" rel="self" type="application/rss+xml" />
    
    
    <item>
      <title>About</title>
      <link>https://kyva.ca/contacts/contacts/</link>
      <pubDate>Thu, 28 Feb 2019 00:00:00 +0000</pubDate>
      
      <guid>https://kyva.ca/contacts/contacts/</guid>
      <description> Contact Us We&amp;rsquo;re on your reach thumb reach   
We have a collection of bright,new designs and joyful items.  It&amp;rsquo;s possible to process our order in a day We ship immediately using
                          </description>
    </item>
    
    <item>
      <title>About</title>
      <link>https://kyva.ca/upcoming/upcoming/</link>
      <pubDate>Thu, 28 Feb 2019 00:00:00 +0000</pubDate>
      
      <guid>https://kyva.ca/upcoming/upcoming/</guid>
      <description>Welcome to Kavy&amp;rsquo;s Collections!  Express your love for magic, fantasy and your favourite characters with our newest collection.
             Feel festive with our Limited Edition       View this post on Instagram        Nagas jewellery . DM for price Or watsapp on 9599119583 #jewellery#gold#polish#real#gold#polish#beauty#in#beast#love#for#immitation#jewelleryloversofinstagram#
A post shared by @immitation_jewellery27 on Nov 29, 2019 at 9:43am PST</description>
    </item>
    
    <item>
      <title>Bangle</title>
      <link>https://kyva.ca/bangle/</link>
      <pubDate>Sat, 12 Jan 2019 22:14:57 -0600</pubDate>
      
      <guid>https://kyva.ca/bangle/</guid>
      <description>If you can keep your head when all about you
Are losing theirs and blaming it on you,
If you can trust yourself when all men doubt you,
But make allowance for their doubting too;
If you can wait and not be tired by waiting,
Or being lied about, don’t deal in lies,
Or being hated, don’t give way to hating,
And yet don’t look too good, nor talk too wise: If you can dream—and not make dreams your master;</description>
    </item>
    
    <item>
      <title>Chain BC132</title>
      <link>https://kyva.ca/chain-bc132/</link>
      <pubDate>Sat, 12 Jan 2019 22:14:57 -0600</pubDate>
      
      <guid>https://kyva.ca/chain-bc132/</guid>
      <description>If you can keep your head when all about you
Are losing theirs and blaming it on you,
If you can trust yourself when all men doubt you,
But make allowance for their doubting too;
If you can wait and not be tired by waiting,
Or being lied about, don’t deal in lies,
Or being hated, don’t give way to hating,
And yet don’t look too good, nor talk too wise: If you can dream—and not make dreams your master;</description>
    </item>
    
    <item>
      <title>Earring</title>
      <link>https://kyva.ca/earring/</link>
      <pubDate>Sat, 12 Jan 2019 22:14:57 -0600</pubDate>
      
      <guid>https://kyva.ca/earring/</guid>
      <description>If you can keep your head when all about you
Are losing theirs and blaming it on you,
If you can trust yourself when all men doubt you,
But make allowance for their doubting too;
If you can wait and not be tired by waiting,
Or being lied about, don’t deal in lies,
Or being hated, don’t give way to hating,
And yet don’t look too good, nor talk too wise: If you can dream—and not make dreams your master;</description>
    </item>
    
    <item>
      <title>Earring CK123</title>
      <link>https://kyva.ca/earring-ck123/</link>
      <pubDate>Sat, 12 Jan 2019 22:14:57 -0600</pubDate>
      
      <guid>https://kyva.ca/earring-ck123/</guid>
      <description>If you can keep your head when all about you
Are losing theirs and blaming it on you,
If you can trust yourself when all men doubt you,
But make allowance for their doubting too;
If you can wait and not be tired by waiting,
Or being lied about, don’t deal in lies,
Or being hated, don’t give way to hating,
And yet don’t look too good, nor talk too wise: If you can dream—and not make dreams your master;</description>
    </item>
    
    <item>
      <title>Rings R183</title>
      <link>https://kyva.ca/rings-r183/</link>
      <pubDate>Sat, 12 Jan 2019 22:14:57 -0600</pubDate>
      
      <guid>https://kyva.ca/rings-r183/</guid>
      <description>If you can keep your head when all about you
Are losing theirs and blaming it on you,
If you can trust yourself when all men doubt you,
But make allowance for their doubting too;
If you can wait and not be tired by waiting,
Or being lied about, don’t deal in lies,
Or being hated, don’t give way to hating,
And yet don’t look too good, nor talk too wise: If you can dream—and not make dreams your master;</description>
    </item>
    
  </channel>
</rss>