<?xml version="1.0" encoding="utf-8" standalone="yes" ?>
<rss version="2.0" xmlns:atom="http://www.w3.org/2005/Atom">
  <channel>
    <title>Contacts on Kavy&#39;s</title>
    <link>https://kyva.ca/contacts/</link>
    <description>Recent content in Contacts on Kavy&#39;s</description>
    <generator>Hugo -- gohugo.io</generator>
    <language>en-us</language>
    <lastBuildDate>Thu, 28 Feb 2019 00:00:00 +0000</lastBuildDate>
    
	<atom:link href="https://kyva.ca/contacts/index.xml" rel="self" type="application/rss+xml" />
    
    
    <item>
      <title>About</title>
      <link>https://kyva.ca/contacts/contacts/</link>
      <pubDate>Thu, 28 Feb 2019 00:00:00 +0000</pubDate>
      
      <guid>https://kyva.ca/contacts/contacts/</guid>
      <description> Contact Us We&amp;rsquo;re on your reach thumb reach   
We have a collection of bright,new designs and joyful items.  It&amp;rsquo;s possible to process our order in a day We ship immediately using
                          </description>
    </item>
    
  </channel>
</rss>