<?xml version="1.0" encoding="utf-8" standalone="yes" ?>
<rss version="2.0" xmlns:atom="http://www.w3.org/2005/Atom">
  <channel>
    <title>Categories on Kavy&#39;s</title>
    <link>https://kyva.ca/categories/</link>
    <description>Recent content in Categories on Kavy&#39;s</description>
    <generator>Hugo -- gohugo.io</generator>
    <language>en-us</language>
    <lastBuildDate>Sat, 12 Jan 2019 22:14:57 -0600</lastBuildDate>
    
	<atom:link href="https://kyva.ca/categories/index.xml" rel="self" type="application/rss+xml" />
    
    
    <item>
      <title>Bangle</title>
      <link>https://kyva.ca/categories/bangle/</link>
      <pubDate>Sat, 12 Jan 2019 22:14:57 -0600</pubDate>
      
      <guid>https://kyva.ca/categories/bangle/</guid>
      <description></description>
    </item>
    
    <item>
      <title>Chain</title>
      <link>https://kyva.ca/categories/chain/</link>
      <pubDate>Sat, 12 Jan 2019 22:14:57 -0600</pubDate>
      
      <guid>https://kyva.ca/categories/chain/</guid>
      <description></description>
    </item>
    
    <item>
      <title>Earrings</title>
      <link>https://kyva.ca/categories/earrings/</link>
      <pubDate>Sat, 12 Jan 2019 22:14:57 -0600</pubDate>
      
      <guid>https://kyva.ca/categories/earrings/</guid>
      <description></description>
    </item>
    
    <item>
      <title>Pearl</title>
      <link>https://kyva.ca/categories/pearl/</link>
      <pubDate>Sat, 12 Jan 2019 22:14:57 -0600</pubDate>
      
      <guid>https://kyva.ca/categories/pearl/</guid>
      <description></description>
    </item>
    
    <item>
      <title>Ring</title>
      <link>https://kyva.ca/categories/ring/</link>
      <pubDate>Sat, 12 Jan 2019 22:14:57 -0600</pubDate>
      
      <guid>https://kyva.ca/categories/ring/</guid>
      <description></description>
    </item>
    
  </channel>
</rss>