<?xml version="1.0" encoding="utf-8" standalone="yes" ?>
<rss version="2.0" xmlns:atom="http://www.w3.org/2005/Atom">
  <channel>
    <title>Upcomings on Kavy&#39;s</title>
    <link>https://kyva.ca/upcoming/</link>
    <description>Recent content in Upcomings on Kavy&#39;s</description>
    <generator>Hugo -- gohugo.io</generator>
    <language>en-us</language>
    <lastBuildDate>Thu, 28 Feb 2019 00:00:00 +0000</lastBuildDate>
    
	<atom:link href="https://kyva.ca/upcoming/index.xml" rel="self" type="application/rss+xml" />
    
    
    <item>
      <title>About</title>
      <link>https://kyva.ca/upcoming/upcoming/</link>
      <pubDate>Thu, 28 Feb 2019 00:00:00 +0000</pubDate>
      
      <guid>https://kyva.ca/upcoming/upcoming/</guid>
      <description>Welcome to Kavy&amp;rsquo;s Collections!  Express your love for magic, fantasy and your favourite characters with our newest collection.
             Feel festive with our Limited Edition       View this post on Instagram        Nagas jewellery . DM for price Or watsapp on 9599119583 #jewellery#gold#polish#real#gold#polish#beauty#in#beast#love#for#immitation#jewelleryloversofinstagram#
A post shared by @immitation_jewellery27 on Nov 29, 2019 at 9:43am PST</description>
    </item>
    
  </channel>
</rss>