<?xml version="1.0" encoding="utf-8" standalone="yes" ?>
<rss version="2.0" xmlns:atom="http://www.w3.org/2005/Atom">
  <channel>
    <title>Poetry on EShop</title>
    <link>https://eshop-psi-ten.now.sh/tags/poetry/</link>
    <description>Recent content in Poetry on EShop</description>
    <generator>Hugo -- gohugo.io</generator>
    <language>en-us</language>
    <lastBuildDate>Sat, 12 Jan 2019 22:14:57 -0600</lastBuildDate>
    
	<atom:link href="https://eshop-psi-ten.now.sh/tags/poetry/index.xml" rel="self" type="application/rss+xml" />
    
    
    <item>
      <title>Bangle</title>
      <link>https://eshop-psi-ten.now.sh/bangle/</link>
      <pubDate>Sat, 12 Jan 2019 22:14:57 -0600</pubDate>
      
      <guid>https://eshop-psi-ten.now.sh/bangle/</guid>
      <description>If you can keep your head when all about you
Are losing theirs and blaming it on you,
If you can trust yourself when all men doubt you,
But make allowance for their doubting too;
If you can wait and not be tired by waiting,
Or being lied about, don’t deal in lies,
Or being hated, don’t give way to hating,
And yet don’t look too good, nor talk too wise:</description>
    </item>
    
    <item>
      <title>Earring</title>
      <link>https://eshop-psi-ten.now.sh/earring/</link>
      <pubDate>Sat, 12 Jan 2019 22:14:57 -0600</pubDate>
      
      <guid>https://eshop-psi-ten.now.sh/earring/</guid>
      <description>If you can keep your head when all about you
Are losing theirs and blaming it on you,
If you can trust yourself when all men doubt you,
But make allowance for their doubting too;
If you can wait and not be tired by waiting,
Or being lied about, don’t deal in lies,
Or being hated, don’t give way to hating,
And yet don’t look too good, nor talk too wise:</description>
    </item>
    
  </channel>
</rss>