<?xml version="1.0" encoding="utf-8" standalone="yes" ?>
<rss version="2.0" xmlns:atom="http://www.w3.org/2005/Atom">
  <channel>
    <title>Pricerange on Kavy&#39;s</title>
    <link>https://kyva.ca/pricerange/</link>
    <description>Recent content in Pricerange on Kavy&#39;s</description>
    <generator>Hugo -- gohugo.io</generator>
    <language>en-us</language>
    <lastBuildDate>Sat, 12 Jan 2019 22:14:57 -0600</lastBuildDate>
    
	<atom:link href="https://kyva.ca/pricerange/index.xml" rel="self" type="application/rss+xml" />
    
    
    <item>
      <title>10to20</title>
      <link>https://kyva.ca/pricerange/10to20/</link>
      <pubDate>Sat, 12 Jan 2019 22:14:57 -0600</pubDate>
      
      <guid>https://kyva.ca/pricerange/10to20/</guid>
      <description></description>
    </item>
    
    <item>
      <title>1to10</title>
      <link>https://kyva.ca/pricerange/1to10/</link>
      <pubDate>Sat, 12 Jan 2019 22:14:57 -0600</pubDate>
      
      <guid>https://kyva.ca/pricerange/1to10/</guid>
      <description></description>
    </item>
    
  </channel>
</rss>